{
  "Total" : {
    "transaction" : "Total",
    "sampleCount" : 10000,
    "errorCount" : 0,
    "errorPct" : 0.0,
    "meanResTime" : 40.78580000000019,
    "medianResTime" : 30.0,
    "minResTime" : 19.0,
    "maxResTime" : 3108.0,
    "pct1ResTime" : 39.0,
    "pct2ResTime" : 54.0,
    "pct3ResTime" : 239.98999999999978,
    "throughput" : 16.667138902268896,
    "receivedKBytesPerSec" : 15.64171922371134,
    "sentKBytesPerSec" : 2.360092910965811
  },
  "Providus Pay Marchant Portal Stress Test" : {
    "transaction" : "Providus Pay Marchant Portal Stress Test",
    "sampleCount" : 10000,
    "errorCount" : 0,
    "errorPct" : 0.0,
    "meanResTime" : 40.78580000000019,
    "medianResTime" : 30.0,
    "minResTime" : 19.0,
    "maxResTime" : 3108.0,
    "pct1ResTime" : 39.0,
    "pct2ResTime" : 54.0,
    "pct3ResTime" : 239.98999999999978,
    "throughput" : 16.667138902268896,
    "receivedKBytesPerSec" : 15.64171922371134,
    "sentKBytesPerSec" : 2.360092910965811
  }
}